{"cameraMode":{"drawMode":0,"name":"Shaded","section":"Shading Mode"},"sceneLighting":false,"audioPlay":false,"sceneViewState":{"showFog":true,"showMaterialUpdate":true,"showSkybox":true,"showFlares":true,"showImageEffects":true,"showParticleSystems":true},"in2DMode":false,"pivot":{"x":5.8276047706604,"y":-18.822338104248048,"z":18.015121459960939},"rotation":{"x":-0.3919741213321686,"y":-0.06476471573114395,"z":0.027617650106549264,"w":-0.9173393249511719},"size":27.157676696777345,"orthographic":false}